date,home,away,hg,ag
2026-09-28,Armenia,Montenegro,2,3
2026-09-28,Latvia,Cyprus,0,0
2026-09-28,Georgia,Ukraine,0,0
2026-09-28,Belgium,France,0,1
2026-09-28,Romania,Bosnia and Herzegovina,2,4
2026-09-28,Turkey,Italy,1,4
2026-09-28,Sweden,Poland,3,1
2026-09-28,Northern Ireland,Hungary,0,0
2026-09-29,San Marino,Albania,0,3
2026-09-29,Luxembourg,Iceland,0,3
2026-09-29,Scotland,Switzerland,0,3
2026-09-29,Slovenia,North Macedonia,2,0
2026-09-29,Slovakia,Kazakhstan,2,1
2026-09-29,Czech Republic,England,0,2
2026-09-29,Spain,Croatia,4,1
2026-09-29,Bulgaria,Estonia,0,0
2026-09-29,Finland,Belarus,0,0
2026-09-29,Moldova,Faroe Islands,1,1
2026-10-01,Azerbaijan,Liechtenstein,0,0
2026-10-01,Denmark,Portugal,2,4
2026-10-01,Germany,Serbia,2,0
2026-10-01,Greece,Netherlands,2,2
2026-10-01,Wales,Norway,2,1
2026-10-01,Republic of Ireland,Austria,2,2
2026-10-01,Malta,Gibraltar,1,1
2026-10-01,Israel,Kosovo,0,0
