date,div,home,away,p_home,p_draw,p_away,over_2.5,btts_yes,c_over_9.5,pick,odds_h,odds_d,odds_a
2026-09-24,UNL,Andorra,Malta,0.2542845233168425,0.3865034323792927,0.3592120443038648,0.178772678136007,0.269116503798038,,X,3.481904761904762,2.7295238095238097,2.407619047619048
2026-09-24,UNL,Serbia,Greece,0.3015509028773084,0.288984693067251,0.4094644040554407,0.4312481973642929,0.4927375496756674,,2,2.7590909090909093,3.166818181818182,2.601363636363636
2026-09-24,UNL,Kosovo,Republic of Ireland,0.4604774692665843,0.2997149757809535,0.239807554952462,0.36700367408384,0.427452044888152,,1,2.410555555555556,3.0772222222222223,3.0388888888888883
2026-09-24,UNL,Liechtenstein,Lithuania,0.1150174496449641,0.2812614558217693,0.6037210945332663,0.292949634920515,0.2886649915027435,,2,12.030952380952382,4.908571428571428,1.2766666666666668
2026-09-24,UNL,Portugal,Wales,0.800508227433872,0.1348078514676581,0.06468392109847,0.672740298193505,0.4744616619881409,,1,1.175,7.077272727272728,15.697272727272724
2026-09-24,UNL,Norway,Denmark,0.5501233376492825,0.2147359211815191,0.2351407411691984,0.6892309856862483,0.6686353258965168,,1,1.8027272727272723,3.8754545454545455,4.028636363636363
2026-09-24,UNL,Austria,Israel,0.6893374892644175,0.1754080406291375,0.1352544701064451,0.7055248950232672,0.6145023073211501,,1,1.43,4.700476190476191,6.441904761904762
2026-09-24,UNL,Netherlands,Germany,0.4776852216815769,0.2139505678210204,0.3083642104974025,0.7479734541316495,0.7340939431250496,,1,2.544545454545455,3.722272727272727,2.511363636363636
2026-09-25,UNL,Armenia,Latvia,0.5082114433114282,0.268412902071992,0.22337565461658,0.4581678720424673,0.4909636642772017,,1,1.1917647058823528,5.210588235294118,19.073529411764707
2026-09-25,UNL,Georgia,Northern Ireland,0.4916572661083268,0.2721245966727177,0.2362181372189555,0.4558369064807463,0.4945503441305081,,1,2.749411764705882,2.018823529411765,4.316470588235295
2026-09-25,SP2,Girona,Albacete,0.5271087580241459,0.2420274553550064,0.2308637866208476,0.501389255655381,0.5159706814670263,0.5551881618076757,1,1.49,4.2,5.48
2026-09-25,UNL,Montenegro,Cyprus,0.4741808096990172,0.2581397675120737,0.2676794227889091,0.5325343177999105,0.5627474470661428,,1,1.6328571428571428,3.735238095238095,5.252857142857143
2026-09-25,UNL,Sweden,Romania,0.4768243705187842,0.234215941319792,0.288959688161424,0.6477234385481259,0.6542198115249493,,1,1.450952380952381,4.617619047619048,6.186666666666667
2026-09-25,UNL,Poland,Bosnia and Herzegovina,0.5713261392205704,0.2339839796042703,0.1946898811751591,0.5580985599377838,0.5501781118261214,,1,1.4890476190476192,4.3309523809523816,6.0390476190476186
2026-09-25,UNL,Italy,Belgium,0.3406353258832831,0.2527729378057985,0.4065917363109181,0.5869803312672631,0.6164418886786452,,2,2.1540909090909093,3.5572727272727267,3.158181818181818
2026-09-25,UNL,Hungary,Ukraine,0.3702292985887364,0.2665335082973314,0.3632371931139321,0.5301290281316737,0.5740989534098723,,1,2.640952380952381,3.099047619047619,2.733809523809524
2026-09-25,UNL,Turkey,France,0.2271366220872651,0.220666406763743,0.5521969711489919,0.65473747389253,0.6391836459605537,,2,7.777272727272727,5.419545454545454,1.3377272727272724
2026-09-26,SP2,Ceuta,Sociedad B,0.3688068106134292,0.2529150634180859,0.378278125968485,0.522845052439075,0.5607986934609009,0.3761990789189104,2,2.16,3.42,2.96
2026-09-26,E2,Cambridge,AFC Wimbledon,0.5797131447369468,0.2670659768470328,0.1532208784160202,0.3954646659268129,0.4034449744614268,0.4703630712039263,1,1.82,3.5,4.27
2026-09-26,E2,Plymouth,Burton,0.5879397620242653,0.2167298731837759,0.1953303647919587,0.645705020685423,0.6181179720797301,0.5901938686250574,1,1.59,4.11,5.06
2026-09-26,E2,Stockport,Peterboro,0.6647095057203385,0.1911759336014988,0.1441145606781625,0.667521213188539,0.5958068182660358,0.5791371952157307,1,1.35,5.21,6.95
2026-09-26,E2,Wycombe,Reading,0.3963204222746317,0.2481573071682096,0.3555222705571588,0.6243015291984241,0.6472542284392115,0.5164503819847005,1,2.52,3.61,2.53
2026-09-26,E3,Bristol Rvs,Exeter,0.4065308562665521,0.3008069492884413,0.2926621944450063,0.4021050766302784,0.4707535257969705,0.4720913960306289,1,1.72,3.79,4.41
2026-09-26,E3,Cheltenham,Chesterfield,0.3122079208382825,0.2538131725771935,0.4339789065845238,0.5889485239207706,0.6165525930483082,0.4882822070215568,2,3.03,3.65,2.13
2026-09-26,E3,Fleetwood Town,Rochdale,0.5401595120489375,0.2705889045264088,0.1892515834246535,0.4301272794913313,0.4549088700476181,0.4873421085953113,1,1.88,3.58,3.87
2026-09-26,E3,Newport County,Grimsby,0.210772203334114,0.2478279446079485,0.5413998520579375,0.537829824808642,0.5467641421516384,0.6052547221743232,2,4.1,3.67,1.8
2026-09-26,E3,Rotherham,Crewe,0.3545250680568107,0.3096015238188751,0.3358734081243141,0.3808494240427247,0.4575938476405037,0.4879420209679629,1,2.1,3.63,3.11
2026-09-26,E3,Shrewsbury,Colchester,0.2504668147775987,0.314864159289721,0.4346690259326802,0.3412828135289636,0.4129262011729856,0.3183150098352575,2,2.55,3.29,2.67
2026-09-26,E3,Swindon,Accrington,0.520163058760275,0.2505768521957027,0.2292600890440224,0.5465176180470165,0.5618956695698786,0.5895725708945052,1,2.17,3.5,3.06
2026-09-26,E3,Tranmere,Walsall,0.2944174368597331,0.2856242866108121,0.4199582765294548,0.4559034446167468,0.5130329739998294,0.5478386252636933,2,2.48,3.31,2.72
2026-09-26,E3,York,Gillingham,0.6287188275360762,0.203011581370599,0.1682695910933247,0.662191975498685,0.6123375623719385,0.5966238249567459,1,1.51,4.41,5.49
2026-09-26,SP2,Granada,Andorra,0.4584311744318676,0.2395329739053597,0.3020358516627726,0.5662814527378066,0.5874372885323279,0.338745112848113,1,2.16,3.26,3.14
2026-09-26,UNL,Slovenia,Scotland,0.3175886248607755,0.3251972000081499,0.3572141751310744,0.319682989991969,0.403785003127166,,2,2.4961904761904763,3.111428571428572,2.9104761904761904
2026-09-26,E3,Oldham,Salford,0.4195811405472701,0.3021530788036652,0.2782657806490646,0.3924448569759944,0.4604905876898482,0.507369924608527,1,2.44,3.49,2.66
2026-09-26,SP2,Celta B,Sabadell,0.3163025752025042,0.2712937078055541,0.4124037169919416,0.4378171490366534,0.4905857651907943,0.1273404338780625,2,2.95,3.26,2.24
2026-09-26,SP2,Tenerife,Cadiz,0.411882345915851,0.2911630881210859,0.296954565963063,0.3636015601904115,0.4284250164618986,0.3452358741514466,1,1.9,3.14,4.02
2026-09-26,UNL,Faroe Islands,Kazakhstan,0.3704061409111333,0.3350250107297905,0.294568848359076,0.2901721277007289,0.3765594001489272,,1,2.2623529411764705,3.0629411764705883,3.3523529411764708
2026-09-26,UNL,Iceland,Estonia,0.7156109874927855,0.1782732573724373,0.106115755134777,0.6179341509907945,0.5104832576458278,,1,1.275,5.3105,10.3275
2026-09-26,UNL,San Marino,Finland,0.0440366009600766,0.117867418872043,0.8380959801678804,0.6531649559232552,0.3970225303419899,,2,31.428571428571427,9.65952380952381,1.0766666666666669
2026-09-26,UNL,Bulgaria,Luxembourg,0.5147499036862402,0.2866071474377309,0.1986429488760288,0.3761628920439948,0.416878503627521,,1,2.277619047619047,3.04,3.2919047619047626
2026-09-26,UNL,Albania,Belarus,0.4925693129206871,0.30408970757194,0.2033409795073727,0.330320539018422,0.3837913427821078,,1,1.4966666666666666,3.884761904761904,6.844285714285715
2026-09-26,UNL,Slovakia,Moldova,0.7904984979657672,0.1446725791687488,0.0648289228654839,0.6261131025652429,0.4385811849966314,,1,1.1595000000000002,6.9975,16.5625
2026-09-26,UNL,Czech Republic,Croatia,0.2643077173409738,0.2429389134989707,0.4927533691600555,0.5941976497277106,0.6079095894721351,,2,3.3431818181818183,3.4586363636363644,2.112272727272728
2026-09-26,UNL,England,Spain,0.2907804403589387,0.2646519593997704,0.4445676002412911,0.5206478315835285,0.5595816893922141,,2,3.223636363636364,3.4418181818181823,2.166818181818181
2026-09-26,UNL,North Macedonia,Switzerland,0.1136229417282292,0.1896403999946135,0.6967366582771571,0.5887827229676609,0.4989949878006601,,2,7.60952380952381,4.732857142857143,1.3833333333333335
2026-09-27,SP2,Valladolid,Cordoba,0.33561096377898,0.2528677633062564,0.4115212729147636,0.5185021428798241,0.5556790878444877,0.4282042272309707,2,2.18,3.35,2.99
2026-09-27,SP2,Mallorca,Almeria,0.4709433767146915,0.2428336242546531,0.2862229990306556,0.5422011166338363,0.5656250737556049,0.4823350503634828,1,2.06,3.26,3.33
2026-09-27,UNL,Lithuania,Azerbaijan,0.3843863463980062,0.3189147712271002,0.2966988823748936,0.3345374992503842,0.4144452833132174,,1,2.2935,2.9635,3.3135000000000003
2026-09-27,SP2,Burgos,Eldense,0.5382711251928434,0.2741368891516187,0.1875919856555378,0.3490751714404564,0.3774632724796274,0.4315154236409972,1,1.9,3.25,3.83
2026-09-27,SP2,Eibar,Las Palmas,0.4411703505923496,0.2939014095293158,0.2649282398783343,0.343777035586578,0.4056704425270784,0.3581331647051021,1,1.92,3.28,3.76
2026-09-27,UNL,Denmark,Wales,0.6323305270092008,0.2173503321853253,0.1503191408054739,0.5554918137710863,0.5150940984997323,,1,1.4268181818181815,4.510909090909092,6.982727272727273
2026-09-27,UNL,Serbia,Netherlands,0.1627873457817218,0.2147968144171009,0.6224158398011773,0.5890870858246802,0.5507973768225422,,2,6.851363636363637,4.797272727272728,1.407727272727273
2026-09-27,UNL,Austria,Kosovo,0.561419541971699,0.2490034104047367,0.1895770476235642,0.4936593997171605,0.4996007407639104,,1,1.6014285714285716,3.957142857142856,5.214761904761905
2026-09-27,UNL,Gibraltar,Andorra,0.3282615459897717,0.3693896748838979,0.3023487791263303,0.2144275267056962,0.3084145873132169,,X,3.5309523809523813,2.7333333333333334,2.355714285714285
2026-09-27,SP2,Oviedo,Sp Gijon,0.4034387646567789,0.2884228419257555,0.3081383934174654,0.375314974680367,0.4395570008301591,0.469974730325288,1,1.98,3.13,3.74
2026-09-27,UNL,Norway,Portugal,0.3743715384809163,0.2262551523816955,0.3993733091373881,0.7126606446995694,0.7135729947467593,,2,2.456363636363636,3.659545454545456,2.588181818181818
2026-09-27,UNL,Germany,Greece,0.6531023865984847,0.1913219219217007,0.1555756914798146,0.677830092014722,0.6120113774486455,,1,1.4181818181818178,4.848181818181818,6.621363636363637
2026-09-27,UNL,Israel,Republic of Ireland,0.4145328490037657,0.2691237439697046,0.3163434070265295,0.5129619745899051,0.5580059576351802,,1,2.666111111111111,3.18,2.6100000000000003
2026-09-28,UNL,Latvia,Cyprus,0.3035625348922918,0.292506012075613,0.4039314530320952,0.4208173861819249,0.4850556879192513,,2,2.5766666666666667,3.066190476190476,2.789047619047619
2026-09-28,UNL,Armenia,Montenegro,0.3599056330475051,0.2576804406488891,0.3824139263036059,0.5694687761781269,0.604321175755987,,2,2.8799999999999994,3.123809523809524,2.461904761904762
2026-09-28,UNL,Georgia,Ukraine,0.4294990454003279,0.2430577511026236,0.3274432034970482,0.6275766620608135,0.6458619711187585,,1,2.663333333333333,3.1480952380952383,2.66904761904762
2026-09-28,SP2,Leganes,Castellon,0.3497008489500164,0.2679858321539712,0.3823133188960125,0.4567442276861888,0.5083194547272095,0.4943459608102862,2,2.89,3.25,2.26
2026-09-28,UNL,Belgium,France,0.3527713228314172,0.2425515647823745,0.4046771123862083,0.635946551568335,0.6543960060195024,,2,3.712272727272728,3.86,1.8759090909090907
2026-09-28,UNL,Northern Ireland,Hungary,0.4033483367441323,0.2957489347722684,0.3009027284835993,0.4088082529600116,0.4751996609104218,,1,2.8057142857142856,3.0085714285714285,2.643809523809524
2026-09-28,UNL,Sweden,Poland,0.5396830014455424,0.2119808278357253,0.248336170718732,0.7155729047786454,0.6939035793224008,,1,2.1142857142857143,3.567619047619048,3.1795238095238094
2026-09-28,UNL,Turkey,Italy,0.4200237882781412,0.2451418980404864,0.3348343136813723,0.6205137370198717,0.6413558761804867,,1,2.598181818181818,3.455909090909091,2.579090909090909
2026-09-28,UNL,Romania,Bosnia and Herzegovina,0.6013581736823316,0.2314742246378287,0.1671676016798395,0.5286083060162262,0.5096173406143782,,1,2.1604761904761904,3.313333333333333,3.253333333333333
2026-09-29,UNL,Finland,Belarus,0.4910329652089101,0.2578801361774233,0.2510868986136664,0.5228290961133751,0.5505031145574952,,1,1.5363333333333336,3.885333333333334,6.155666666666667
2026-09-29,UNL,Moldova,Faroe Islands,0.3149061586563341,0.3048452755422514,0.3802485658014145,0.3816114211116238,0.4550410455838617,,2,2.838620689655172,2.920689655172414,2.6555172413793104
2026-09-29,UNL,Luxembourg,Iceland,0.1911590561983442,0.2659381336851634,0.5429028101164923,0.4350083595048162,0.4570611292260068,,2,3.095333333333333,3.204333333333333,2.287
2026-09-29,UNL,Slovakia,Kazakhstan,0.6692355588460661,0.21176751183685,0.1189969293170838,0.5117729377153,0.4495637206750966,,1,1.2396666666666667,5.6273333333333335,11.853333333333332
2026-09-29,UNL,San Marino,Albania,0.0371746323178819,0.1338245410782414,0.8290008266038766,0.5368346240089339,0.2887359771740056,,2,41.46666666666667,13.94,1.0406666666666664
2026-09-29,UNL,Bulgaria,Estonia,0.5837423577308638,0.2331848639558359,0.1830727783133003,0.5462836236361623,0.5342159489459826,,1,1.7492592592592595,3.4014814814814818,4.896296296296296
2026-09-29,UNL,Slovenia,North Macedonia,0.5740687312289157,0.2696164180387259,0.1563148507323582,0.3802025886143941,0.3918596755657395,,1,1.6050000000000002,3.5969999999999995,5.954
2026-09-29,UNL,Spain,Croatia,0.7718689484852985,0.1532354743626579,0.0748955771520434,0.6277300635670267,0.4631049473141916,,1,1.2006060606060605,6.954242424242424,12.49909090909091
2026-09-29,UNL,Czech Republic,England,0.130934339234551,0.1758084193189908,0.6932572414464582,0.6948049174853022,0.6015687726183151,,2,9.5478125,5.466875,1.2959375
2026-09-29,UNL,Scotland,Switzerland,0.306268564354464,0.2593146328636387,0.4344168027818971,0.5497164486573234,0.5843809283898382,,2,4.308000000000001,3.3990000000000005,1.8496666666666668
2026-10-01,UNL,Azerbaijan,Liechtenstein,0.8056123960241091,0.1476060031566103,0.0467816008192806,0.5349338858870404,0.3238140843626712,,1,1.1226923076923077,7.532692307692307,21.35576923076923
2026-10-01,UNL,Greece,Netherlands,0.2633868132853182,0.2383565019129637,0.498256684801718,0.620455394684195,0.6282171658363015,,2,3.4527272727272726,3.5945454545454543,2.0266666666666664
2026-10-01,UNL,Malta,Gibraltar,0.6242851131538053,0.2391293004278796,0.136585586418315,0.4545468329214505,0.4296954891913547,,1,1.2792307692307692,4.9011538461538455,11.415384615384614
2026-10-01,UNL,Germany,Serbia,0.7940523876944396,0.134512179317212,0.0714354329883484,0.7112015921944267,0.5239311461981095,,1,1.1966666666666668,6.9354545454545455,12.799090909090909
2026-10-01,UNL,Israel,Kosovo,0.3766165191459289,0.2570810688100763,0.3663024120439949,0.5798235359695255,0.613186944375437,,1,3.127692307692308,3.346923076923077,2.207692307692308
2026-10-01,UNL,Wales,Norway,0.1669444839392819,0.1892265712617256,0.6438289447989924,0.7145556215993971,0.6509562014633715,,2,6.666060606060607,4.828787878787879,1.4218181818181816
2026-10-01,UNL,Republic of Ireland,Austria,0.2480561084012416,0.2853903653240709,0.4665535262746872,0.426443910007083,0.477899199507993,,2,3.5109523809523813,3.1966666666666663,2.108571428571429
2026-10-01,UNL,Denmark,Portugal,0.2736630709586266,0.2509161762499525,0.4754207527914208,0.574885635715599,0.5972664540879226,,2,3.586969696969697,3.6212121212121207,1.9724242424242424
2026-10-02,UNL,Kazakhstan,Moldova,0.6124202817611744,0.22552584327169875,0.16205387496712712,0.5552950572018933,0.5273208838075781,,1,1.8546153846153846,3.335384615384615,4.423461538461538
2026-10-02,UNL,Cyprus,Armenia,0.495682752353878,0.24459860255775331,0.25971864508836867,0.5954125451647119,0.6090652956967562,,1,2.2718518518518516,3.2674074074074073,3.1140740740740744
2026-10-02,UNL,Ukraine,Northern Ireland,0.5388737538321882,0.2685266303087425,0.19259961585906937,0.4388862407141499,0.4630337984631207,,1,1.9414814814814814,3.2259259259259263,4.157037037037036
2026-10-02,UNL,Latvia,Montenegro,0.24087600456076175,0.2943655427705642,0.4647584526686742,0.39599979521531875,0.4527501168681093,,2,4.696296296296296,3.4511111111111115,1.7748148148148148
2026-10-02,UNL,France,Italy,0.6832892106834774,0.18281092473794366,0.1338998645785791,0.6801915530734146,0.5950421914327554,,1,1.445,4.796875,6.2553125
2026-10-02,UNL,Belgium,Turkey,0.6696320591186615,0.18702236467291017,0.14334557620842825,0.6822801107144723,0.6061696645946993,,1,1.5271875000000001,4.5971874999999995,5.3334375000000005
2026-10-02,UNL,Poland,Romania,0.4586097954245371,0.2542614435629261,0.2871287610125367,0.573308963903171,0.5999610783373741,,1,1.512962962962963,4.275185185185186,5.821111111111111
2026-10-02,UNL,Hungary,Georgia,0.4198523275951825,0.2721417476486775,0.3080059247561399,0.5100999508232195,0.5563195264602734,,1,2.1244444444444444,3.2796296296296297,3.4333333333333345
2026-10-02,UNL,Bosnia and Herzegovina,Sweden,0.3081504623155957,0.2224209025580283,0.46942863512637595,0.720611300224903,0.7143386481351237,,2,2.6377777777777784,3.5125925925925934,2.4862962962962967
2026-10-02,UNL,Faroe Islands,Slovakia,0.19483061843760097,0.29630411869736845,0.5088652628650305,0.3543244766100245,0.4003538994860325,,2,6.171111111111111,3.766296296296296,1.5633333333333335
2026-10-03,UNL,Finland,Albania,0.32547343249496574,0.3434447088171882,0.331081858687846,0.2799920705059132,0.37111002520930725,,X,2.361851851851852,3.126666666666667,2.995925925925926
2026-10-03,UNL,Estonia,Luxembourg,0.4362023392635419,0.33506766326492016,0.22872999747153777,0.27698307780277553,0.3531177605829564,,1,2.9058333333333333,3.0675000000000003,2.48125
2026-10-03,UNL,Iceland,Bulgaria,0.7037921527260345,0.17274012102376507,0.12346772625020053,0.7004532875249795,0.5994976903769332,,1,1.4077777777777774,4.414444444444445,7.294444444444444
2026-10-03,UNL,Croatia,England,0.2500261142608352,0.24526531640025534,0.5047085693389096,0.5848245012254818,0.5979991887307259,,2,3.9965625,3.80375,1.8090625
2026-10-03,UNL,Belarus,San Marino,0.9190010112565794,0.06343414958291192,0.017564839160508654,0.7686829136131017,0.3543238536269393,,1,1.084814814814815,9.71111111111111,22.962962962962962
2026-10-03,UNL,Spain,Czech Republic,0.9112826937757141,0.06642393262929079,0.02229337359499501,0.7980576463213631,0.4201533832990375,,1,1.0690624999999998,11.497499999999999,27.745
2026-10-03,UNL,Switzerland,Slovenia,0.6637062094747779,0.22090816282016684,0.11538562770505512,0.4802294214742328,0.4249162489449532,,1,1.308888888888889,4.922592592592593,9.774074074074074
2026-10-03,UNL,North Macedonia,Scotland,0.20808275626523987,0.25876943803542896,0.5331478056993313,0.49090237061104114,0.5102999317326626,,2,4.678148148148148,3.5018518518518524,1.7470370370370372
2026-10-04,UNL,Azerbaijan,Lithuania,0.42078276005283344,0.3140831161815471,0.2651341237656195,0.34837053747160446,0.4220522680878185,,1,,,
2026-10-04,UNL,Kosovo,Austria,0.30325496645745087,0.2857006098672733,0.41104442367527566,0.4566195962790556,0.5146764822367572,,2,,,
2026-10-04,UNL,Malta,Andorra,0.47999028297922897,0.3492312062156077,0.1707785108051634,0.21626648778327567,0.2767951509655857,,1,,,
2026-10-04,UNL,Wales,Denmark,0.2874821936351246,0.25825892881620127,0.4542588775486742,0.5570264692345764,0.5878899478495195,,2,3.7359999999999993,3.6880000000000006,1.889333333333333
2026-10-04,UNL,Greece,Germany,0.25300054061124144,0.22708559710546453,0.5199138622832942,0.6640332562403831,0.6579084809965925,,2,3.6980000000000004,3.7113333333333327,1.891666666666666
2026-10-04,UNL,Portugal,Norway,0.596451513123522,0.19380605252121214,0.20974243435526574,0.7609434419572967,0.714408235341056,,1,1.6620000000000001,4.2459999999999996,4.337999999999999
2026-10-04,UNL,Netherlands,Serbia,0.7666588759358844,0.15287792757216956,0.08046319649194614,0.6613959564814609,0.5031503415005187,,1,1.1688461538461539,7.0926923076923085,13.831538461538461
2026-10-04,UNL,Republic of Ireland,Israel,0.4735526297364158,0.2561874356257383,0.27025993463784587,0.5552399839118903,0.5823299687159392,,1,1.9736363636363636,3.399545454545455,3.670454545454545
2026-10-05,UNL,Cyprus,Latvia,0.546441510746191,0.2728775446211381,0.18068094463267093,0.41071693144780386,0.4346288707102528,,1,,,
2026-10-05,UNL,Bosnia and Herzegovina,Poland,0.36039068735602137,0.2569628504304877,0.38264646221349086,0.5842293004169602,0.61690786400321,,2,,,
2026-10-05,UNL,Italy,Turkey,0.5661170204980999,0.21563604327251362,0.21824693622938665,0.6778309845048635,0.6542137426117475,,1,1.5157894736842104,3.9215789473684213,4.780526315789474
2026-10-05,UNL,Montenegro,Armenia,0.5941030309709621,0.21164489051438679,0.19425207851465118,0.6639626197652637,0.6309118701149141,,1,,,
2026-10-05,UNL,Ukraine,Hungary,0.514630068148749,0.2526149335840363,0.23275499826721469,0.5396616214949028,0.5579531919085884,,1,,,
2026-10-05,UNL,Romania,Sweden,0.37945978569007854,0.227096068478299,0.3934441458316227,0.7182464446803205,0.7189729883564828,,2,,,
2026-10-05,UNL,France,Belgium,0.5869153618487108,0.21843127598187526,0.19465336216941387,0.6355838625234934,0.6098171961708273,,1,1.5144444444444443,4.294074074074074,5.158518518518519
2026-10-05,UNL,Northern Ireland,Georgia,0.3641188465335907,0.29868587520178047,0.3371952782646288,0.41636114133521485,0.48609237307074127,,1,,,
2026-10-06,UNL,Kazakhstan,Faroe Islands,0.45099367759739206,0.3109445953710445,0.23806172703156336,0.34413312494258447,0.41103557714291294,,1,,,
2026-10-06,UNL,Belarus,Finland,0.4103730028697703,0.28555583552095953,0.30407116160926995,0.4574168931294042,0.5154113971676009,,1,,,
2026-10-06,UNL,Luxembourg,Bulgaria,0.2991855669457837,0.312719791465032,0.3880946415891843,0.36359478932832007,0.4404549871541785,,2,,,
2026-10-06,UNL,England,Czech Republic,0.8355703601412496,0.11086853372740403,0.05356110613134663,0.7534663872541806,0.515832356831824,,1,1.1788235294117646,6.2305882352941175,12.808823529411764
2026-10-06,UNL,Albania,San Marino,0.924066424474115,0.06404954786075548,0.011884027665129557,0.6934232998493391,0.23770397162681692,,1,,,
2026-10-06,UNL,Moldova,Slovakia,0.12371958557512056,0.20141321109496502,0.6748672033299143,0.5758924414628172,0.5045455096498378,,2,,,
2026-10-06,UNL,Croatia,Spain,0.14313522124657013,0.20602920099606814,0.6508355777573616,0.5996616217988435,0.5431618068371319,,2,6.1517647058823535,4.459411764705884,1.4188235294117648
2026-10-06,UNL,Switzerland,North Macedonia,0.8596128959343579,0.10125106661566022,0.03913603744998208,0.7218991112056073,0.4371478488040385,,1,,,
2026-10-06,UNL,Scotland,Slovenia,0.4724388304004653,0.29681738910598,0.2307437804935546,0.3814412076606964,0.4377825023326082,,1,,,
2026-10-06,UNL,Estonia,Iceland,0.1688809920075991,0.22287858274999653,0.6082404252424045,0.577549579396327,0.5491320416882132,,2,,,
2026-10-09,D1,Dortmund,Werder Bremen,0.7152460864273873,0.17649279849884997,0.1082611150737629,0.6211208271503855,0.5137316447601576,0.42786712852480785,1,,,
2026-10-09,F1,Lens,Lyon,0.39024709117586864,0.2601902974600294,0.34956261136410194,0.5711360587963227,0.6068047609579924,0.6908697699924014,1,,,
2026-10-09,E1,West Ham,QPR,0.6860628178572596,0.18269650190455772,0.1312406802381825,0.6746197711022095,0.5878559620557565,0.6474064826040447,1,,,
2026-10-09,SP1,Malaga,Espanol,0.4071935522963483,0.269093729865535,0.3237127178381167,0.44768363679105716,0.4991726738742914,0.4164935771163809,1,,,
2026-10-10,E0,Arsenal,Leeds,0.5647521643628047,0.2754665411709928,0.15978129446620265,0.3771112303912493,0.3947392476723005,0.40749209704522815,1,,,
2026-10-10,E1,West Brom,Birmingham,0.3622131734286825,0.31781458504886123,0.3199722415224561,0.3515263298755457,0.4324448979797586,0.43418978947977777,1,,,
2026-10-10,E1,Swansea,Norwich,0.4762074772810804,0.25472714808364383,0.26906537463527563,0.5604449992868287,0.5858820465921986,0.4450701748801772,1,,,
2026-10-10,E1,Charlton,Bristol City,0.3349502009659199,0.3131207240397664,0.3519290749943139,0.36746036825900824,0.4462630426070517,0.4766139035697564,2,,,
2026-10-10,SP1,Vallecano,Ath Bilbao,0.38409346342170214,0.28904935503540774,0.32685718154289023,0.37651162276277306,0.44240491493571316,0.6382565229827375,1,,,
2026-10-10,I1,Genoa,Fiorentina,0.3581035605012172,0.2797437082961176,0.362152731202665,0.43620974314824973,0.49541512426366324,0.3365459831793114,2,,,
2026-10-10,D1,Mainz,Leverkusen,0.31838160698560364,0.24815603740636405,0.4334623556080323,0.5903163886863322,0.6152486786826825,0.4967542865074909,2,,,
2026-10-10,D1,Paderborn,Stuttgart,0.27628946834523505,0.23003512494942266,0.4936754067053424,0.6481697213439419,0.6501509825095136,0.5655956762880642,2,,,
2026-10-10,D1,Union Berlin,Elversberg,0.29823465028682783,0.253027086894275,0.44873826281889717,0.5605834764559987,0.5895302388112891,0.551855819958743,2,,,
2026-10-10,D1,Hoffenheim,Hamburg,0.5370831910723226,0.21804156441900038,0.2448752445086771,0.6753667095974413,0.6606356231875122,0.6496524587342861,1,,,
2026-10-10,D1,Augsburg,Bayern Munich,0.09755778188119754,0.14099789477384453,0.7614443233449579,0.7588260460303057,0.6104353444385823,0.5525712831355407,2,,,
2026-10-10,E0,Sunderland,Brighton,0.22961328861056413,0.2546541595527553,0.5157325518366805,0.5287181493923157,0.5485306795591623,0.38257793500254816,2,,,
2026-10-10,E0,Chelsea,Bournemouth,0.40405567464062586,0.24949877937486936,0.3464455459845047,0.6150903293755169,0.6395741579289679,0.6681727728092473,1,,,
2026-10-10,E0,Ipswich,Fulham,0.3799322147310202,0.27824105061401444,0.3418267346549655,0.49379228483796067,0.5471163423977334,0.5287681373362492,1,,,
2026-10-10,E0,Aston Villa,Brentford,0.3506149711214381,0.26628618860294545,0.38309884027561647,0.5436097764072964,0.5857165609260123,0.60205082946721,2,,,
2026-10-10,E1,Sheffield United,Lincoln,0.3608748627740486,0.28878955808703416,0.35033557913891716,0.4534458737168439,0.5158965574358574,0.6682823853803166,1,,,
2026-10-10,E1,Watford,Burnley,0.3394114210057731,0.2937951010043689,0.3667934779898579,0.43419338486537296,0.5003930558992773,0.44710340699536005,2,,,
2026-10-10,E1,Derby,Wrexham,0.39758382519047986,0.27470467615842314,0.32771149865109694,0.5055217676521658,0.5551590492872144,0.4891572670407772,1,,,
2026-10-10,E1,Blackburn,Cardiff,0.4125733071039726,0.2789360105844456,0.3084906823115817,0.48382607482586265,0.5363643339532782,0.5921136964792317,1,,,
2026-10-10,E1,Bolton,Stoke,0.37893579284436896,0.2680574968480427,0.3530067103075881,0.5364106076209165,0.5803055333609327,0.5672905491050084,1,,,
2026-10-10,E1,Preston,Millwall,0.2534707966636047,0.26031255241964,0.48621665091675526,0.5269415268666127,0.5562033777388864,0.6748968225058032,2,,,
2026-10-10,E1,Middlesbrough,Wolves,0.47608458788207264,0.2527073005962132,0.27120811152171437,0.5701423670206053,0.5936846102767316,0.5477873112150994,1,,,
2026-10-10,SP1,Alaves,Ath Madrid,0.2632094138881116,0.25640697320326805,0.4803836129086203,0.46988536702962347,0.5040157462132173,0.5325976669578811,2,,,
2026-10-10,F1,Lille,Le Havre,0.577895511889192,0.2708518523297665,0.15125263578104128,0.38103755365230213,0.3911297923499969,0.44714859230281423,1,,,
2026-10-10,I1,Inter,Parma,0.7835874736314185,0.14293604379618627,0.07347648257239515,0.6341197743911472,0.45617868849006077,0.6113826098608341,1,,,
2026-10-10,D1,RB Leipzig,Ein Frankfurt,0.5459476698560795,0.20877047696535256,0.2452818531785678,0.7174656321256726,0.6929591957183203,0.531075970599219,1,,,
2026-10-10,E0,Man United,Tottenham,0.6418002026797842,0.21105704583692544,0.14714275148329037,0.5868179669727084,0.5374838823762721,0.6201721546530394,1,,,
2026-10-10,SP1,Barcelona,Getafe,0.7629659047781454,0.1579189261134867,0.07911516910836792,0.5598843209242407,0.406432356188533,0.5978805254192133,1,,,
2026-10-10,F1,Brest,Angers,0.4411779381372023,0.2899122273639547,0.268909834498843,0.4290106863539182,0.48689288660703833,0.43452609550444626,1,,,
2026-10-10,F1,Lorient,Paris FC,0.33979928882161375,0.2882849331049741,0.3719157780734121,0.45650861009333077,0.5182593261211977,0.345935057550827,2,,,
2026-10-10,F1,Paris SG,Le Mans,0.6560836538023128,0.20416946659149846,0.1397468796061887,0.6022153283434928,0.5420363993642926,0.5831734647807215,1,,,
2026-10-10,F1,Monaco,Toulouse,0.5559637832257158,0.23157590785991644,0.2124603089143675,0.6052902844124337,0.5974269301647901,0.4196876333544829,1,,,
2026-10-10,I1,Napoli,Frosinone,0.5058676272072558,0.2632880117736606,0.23084436101908368,0.44463848394623245,0.4771307999445718,0.6291992464671228,1,,,
2026-10-10,SP1,Real Madrid,Villarreal,0.6076117671356874,0.1926193185591485,0.19976891430516405,0.689714213903101,0.6436064420290147,0.6187219081548017,1,,,
2026-10-11,I1,Como,Roma,0.3427014178301456,0.27337698497246304,0.3839215971973915,0.45997309295950634,0.5138417262404057,0.23727827961628445,2,,,
2026-10-11,E1,Southampton,Portsmouth,0.6719193466338549,0.1890083339225483,0.13907231944359683,0.6644027553420294,0.5881231295930548,0.6775955340016133,1,,,
2026-10-11,SP1,Elche,Celta,0.39118506653401114,0.25383145228810683,0.3549834811778821,0.51717020042517,0.555931421924503,0.19002568384121976,1,,,
2026-10-11,E0,Hull,Everton,0.28357569282113787,0.30676001304455486,0.4096642941343073,0.3777679703422645,0.44951038358357503,0.5083240691502688,2,,,
2026-10-11,E0,Crystal Palace,Nott'm Forest,0.3169776314081763,0.29216986491000463,0.390852503681819,0.43676941826096255,0.5009112939560983,0.4281213626705559,2,,,
2026-10-11,F1,Nice,Strasbourg,0.25832751944580046,0.24650984628034123,0.4951626342738583,0.5882461239493877,0.603578679019113,0.5168236569313649,2,,,
2026-10-11,I1,Lecce,Bologna,0.27165708622279894,0.3043003255698208,0.42404258820738044,0.33638849182926966,0.4052866670254677,0.43491255627795455,2,,,
2026-10-11,I1,Lazio,Monza,0.5827073803986285,0.2361809869647235,0.18111163263664803,0.49064511466708066,0.48426843757122456,0.37320051819748334,1,,,
2026-10-11,D1,FC Koln,M'gladbach,0.4365391158614861,0.24588006080893232,0.3175808233295817,0.600078697000042,0.6224850023498631,0.5362374301468771,1,,,
2026-10-11,SP1,Sociedad,La Coruna,0.483744656460526,0.2454342588396659,0.27082108469980815,0.5202054481332998,0.5447173605791656,0.6998665669006031,1,,,
2026-10-11,F1,Rennes,Auxerre,0.5428559521118266,0.22759646181245835,0.22954758607571507,0.6411450626192371,0.6320792860476651,0.6672690721250929,1,,,
2026-10-11,D1,Freiburg,Schalke 04,0.5258458195859648,0.251417111299637,0.22273706911439828,0.5107644793800135,0.528216616314474,0.2670789979981827,1,,,
2026-10-11,E0,Liverpool,Man City,0.29198279269429794,0.25711430428757676,0.4509029030181253,0.5641256263082949,0.5941523497460867,0.520812023841844,2,,,
2026-10-11,I1,Sassuolo,Milan,0.28271587994154623,0.25454892847996835,0.4627351915784854,0.5159612543549426,0.548374965572288,0.351384647671013,2,,,
2026-10-11,SP1,Betis,Osasuna,0.5604613316460484,0.23083098288452866,0.20870768546942303,0.5229013226100272,0.5211068810877729,0.4298439804054476,1,,,
2026-10-11,F1,Troyes,Marseille,0.2844039493676712,0.24973160995076438,0.4658644406815644,0.5924941862506036,0.6138815646670948,0.25322402602416133,2,,,
2026-10-11,I1,Cagliari,Juventus,0.23621000703801048,0.2932045250949081,0.4705854678670815,0.35117959649603886,0.4068728736798596,0.5188378227297938,2,,,
2026-10-11,SP1,Santander,Valencia,0.4760696084593171,0.2246142666927428,0.29931612484794007,0.6359806974476389,0.6399019891523777,0.6130291637482006,1,,,
2026-10-12,I1,Atalanta,Venezia,0.6021762466430409,0.22034370263512298,0.17748005072183604,0.5495379915910361,0.5255369261286931,0.49510271876209055,1,,,
2026-10-12,I1,Torino,Udinese,0.36463513227564076,0.2574015155999811,0.3779633521243779,0.5289346687080428,0.5684438355259563,0.44547510567642395,2,,,
2026-10-12,E0,Coventry,Newcastle,0.3808740878046012,0.2554733173059784,0.36365259488942037,0.5909758179588995,0.6221058283546821,0.6060768929288938,1,,,
2026-10-12,SP1,Levante,Sevilla,0.4725388785394631,0.24481691774321893,0.282644203717318,0.530718618651898,0.5559309912401399,0.4042115823143167,1,,,
