date,div,home,away,market,selection,odds,p
2026-09-26,UNL,Slovakia,Moldova,Голове,Над 2.5,1.8,0.5834912690333667
2026-09-24,UNL,Andorra,Malta,1X2,X,2.92,0.3646243096520404
2026-09-24,UNL,Serbia,Greece,1X2,2,2.78,0.3856112887028511
2026-09-24,UNL,Kosovo,Republic of Ireland,1X2,1,2.52,0.42429365053877
2026-09-24,UNL,Liechtenstein,Lithuania,1X2,X,5.3,0.2358175262127408
2026-09-24,UNL,Liechtenstein,Lithuania,Голове,Под 2.5,1.78,0.6253141733654306
2026-09-24,UNL,Norway,Denmark,Голове,Над 2.5,1.64,0.6412256623346495
2026-09-24,UNL,Netherlands,Germany,1X2,1,2.68,0.4242466675174334
2026-09-26,UNL,England,Spain,1X2,2,2.54,0.419056312724116
2026-09-27,UNL,Denmark,Wales,1X2,X,4.9,0.2152966602154867
2026-09-27,UNL,Germany,Greece,1X2,X,5.6,0.1888216025759473
2026-09-25,UNL,Armenia,Latvia,1X2,X,5.7,0.2227749790289092
2026-09-25,UNL,Armenia,Latvia,Голове,Над 2.5,2.6,0.4068429924660525
2026-09-25,UNL,Georgia,Northern Ireland,1X2,1,2.98,0.4125594126434689
2026-09-25,UNL,Georgia,Northern Ireland,1X2,2,4.9,0.22430962241166
2026-09-25,UNL,Montenegro,Cyprus,1X2,2,6.2,0.222755936124237
2026-09-25,UNL,Sweden,Romania,1X2,X,5.0,0.2185513691263336
2026-09-25,UNL,Sweden,Romania,1X2,2,7.4,0.2201954101928614
2026-09-25,UNL,Poland,Bosnia and Herzegovina,1X2,X,4.7,0.2250838149043982
2026-09-25,UNL,Poland,Bosnia and Herzegovina,1X2,2,7.0,0.1748638768204357
2026-09-25,UNL,Italy,Belgium,1X2,2,3.4,0.3523741783865683
2026-09-25,UNL,Hungary,Ukraine,Голове,Над 2.5,2.21,0.485775020490629
2026-09-25,UNL,Turkey,France,1X2,X,6.0,0.1973176790598055
2026-09-26,UNL,Slovenia,Scotland,1X2,2,3.1,0.3398255409518694
2026-09-26,UNL,Faroe Islands,Kazakhstan,1X2,X,3.31,0.3205326695614388
2026-09-26,UNL,Faroe Islands,Kazakhstan,Голове,Под 2.5,1.61,0.6543586179095671
2026-09-26,UNL,Iceland,Estonia,1X2,X,6.0,0.1771755286240735
2026-09-26,UNL,Bulgaria,Luxembourg,1X2,1,2.4,0.4622005070165654
2026-09-26,UNL,Albania,Belarus,1X2,X,4.1,0.2721447393247841
2026-09-26,UNL,Albania,Belarus,1X2,2,8.0,0.1698382255239254
2026-09-27,UNL,Serbia,Netherlands,1X2,X,5.0,0.2105671476671231
2026-09-27,UNL,Austria,Kosovo,1X2,2,6.2,0.1797628387238541
2026-09-27,UNL,Lithuania,Azerbaijan,1X2,2,3.65,0.2886869753942429
2026-09-27,UNL,Gibraltar,Andorra,1X2,1,3.85,0.2960325304150094
2026-09-27,UNL,Norway,Portugal,1X2,2,2.8,0.3807866734547491
2026-09-27,UNL,Israel,Republic of Ireland,1X2,1,2.9,0.3820978204834725
2026-09-29,UNL,Spain,Croatia,1X2,X,8.0,0.1562991712436059
2026-09-28,UNL,Latvia,Cyprus,1X2,2,3.0,0.3690759044619984
2026-09-28,UNL,Armenia,Montenegro,1X2,1,3.15,0.3416721053464526
2026-09-28,UNL,Armenia,Montenegro,Голове,Над 2.5,2.19,0.503271158369579
2026-09-28,UNL,Georgia,Ukraine,1X2,1,2.84,0.3905660770881775
2026-09-28,UNL,Georgia,Ukraine,Голове,Над 2.5,2.18,0.5384754755127731
2026-09-28,UNL,Belgium,France,1X2,1,4.0,0.3032683467749544
2026-09-28,UNL,Northern Ireland,Hungary,1X2,1,3.1,0.3686852791809998
2026-09-28,UNL,Sweden,Poland,1X2,1,2.26,0.4913154914213042
2026-09-28,UNL,Sweden,Poland,Голове,Над 2.5,1.76,0.6354802142040674
2026-09-28,UNL,Turkey,Italy,1X2,1,2.78,0.3912231380836397
2026-09-28,UNL,Romania,Bosnia and Herzegovina,1X2,1,2.3,0.5165558761750403
2026-09-29,UNL,Czech Republic,England,Голове,Над 2.5,1.68,0.638490421705614
2026-09-29,UNL,Finland,Belarus,1X2,2,7.0,0.2014037788073377
2026-09-29,UNL,Moldova,Faroe Islands,1X2,2,2.92,0.3658894572736256
2026-09-29,UNL,Luxembourg,Iceland,1X2,2,2.42,0.475318752998962
2026-09-29,UNL,Slovakia,Kazakhstan,1X2,X,6.25,0.1890211729301174
2026-09-29,UNL,San Marino,Albania,Голове,Под 2.5,2.9,0.3940630647616241
2026-09-29,UNL,Bulgaria,Estonia,Голове,Над 2.5,2.43,0.4758395206133509
2026-09-29,UNL,Slovenia,North Macedonia,1X2,2,7.2,0.1567129390395031
2026-09-29,UNL,Scotland,Switzerland,1X2,1,4.7,0.2619127029499889
2026-09-29,UNL,Scotland,Switzerland,Голове,Над 2.5,2.21,0.4949267897295055
2026-10-01,UNL,Malta,Gibraltar,1X2,X,5.3,0.2146094824701661
2026-10-01,UNL,Israel,Kosovo,1X2,1,3.25,0.3375075418509328
2026-10-01,UNL,Israel,Kosovo,Голове,Над 2.5,1.96,0.5377017492330886
2026-10-01,UNL,Wales,Norway,1X2,1,7.6,0.1542047148209969
2026-10-02,UNL,Ukraine,Northern Ireland,1X2,1,2.12,0.502857842921326
2026-10-02,UNL,Ukraine,Northern Ireland,Голове,Над 2.5,2.68,0.39610438453813557
2026-10-02,UNL,Latvia,Montenegro,1X2,X,5.6,0.23942273147836304
2026-10-02,UNL,Poland,Romania,1X2,X,4.6,0.2360585884000007
2026-10-02,UNL,Poland,Romania,1X2,2,6.2,0.2299367764153522
2026-10-02,UNL,Hungary,Georgia,Голове,Над 2.5,2.23,0.4724183965126939
2026-10-02,UNL,Bosnia and Herzegovina,Sweden,1X2,2,2.56,0.4294930676820291
2026-10-02,UNL,Bosnia and Herzegovina,Sweden,Голове,Над 2.5,1.69,0.6476589747649262
2026-10-02,UNL,Faroe Islands,Slovakia,1X2,1,7.0,0.17272115672637717
2026-10-02,UNL,Faroe Islands,Slovakia,1X2,X,4.0,0.27447759974199454
2026-10-03,UNL,Finland,Albania,1X2,X,3.29,0.3197594404395729
2026-10-03,UNL,Finland,Albania,Голове,Под 2.5,1.64,0.6551050534206615
2026-10-03,UNL,Estonia,Luxembourg,1X2,1,3.15,0.3772300515682674
2026-10-03,UNL,Estonia,Luxembourg,Голове,Под 2.5,1.6,0.6625716054368079
2026-10-03,UNL,Iceland,Bulgaria,Голове,Над 2.5,1.85,0.6108692140077445
2026-10-03,UNL,Croatia,England,1X2,1,4.4,0.24154276596934354
2026-10-03,UNL,Switzerland,Slovenia,1X2,X,5.5,0.20402286874131548
2026-10-03,UNL,North Macedonia,Scotland,1X2,1,5.6,0.20258538374569457
2026-10-04,UNL,Malta,Andorra,1X2,X,3.5,0.31544264005706524
2026-10-04,UNL,Malta,Andorra,1X2,2,6.7,0.16541954956415522
2026-10-04,UNL,Malta,Andorra,Голове,Под 2.5,1.56,0.7054308085720311
2026-10-04,UNL,Wales,Denmark,1X2,1,4.09,0.2704213874745127
2026-10-04,UNL,Greece,Germany,Голове,Над 2.5,1.75,0.6142746927001883
2026-10-04,UNL,Portugal,Norway,1X2,2,5.1,0.20798241672007087
2026-10-04,UNL,Republic of Ireland,Israel,Голове,Над 2.5,2.1,0.5093653169558706
2026-10-05,UNL,Bosnia and Herzegovina,Poland,1X2,1,3.46,0.32108272504696844
2026-10-05,UNL,Bosnia and Herzegovina,Poland,Голове,Над 2.5,1.98,0.5349909492721451
2026-10-05,UNL,Italy,Turkey,1X2,2,6.02,0.19177992159125598
2026-10-05,UNL,Ukraine,Hungary,1X2,1,2.3,0.4647027038627406
2026-10-05,UNL,Ukraine,Hungary,1X2,X,4.04,0.26092603641577095
2026-10-05,UNL,Romania,Sweden,1X2,1,3.87,0.3175392011553534
2026-10-05,UNL,Romania,Sweden,Голове,Над 2.5,1.68,0.6532216898694593
2026-10-05,UNL,France,Belgium,1X2,X,4.9,0.21430113333248652
2026-10-05,UNL,France,Belgium,1X2,2,5.7,0.1859600579816864
